Workbook

Sheet Cleaned Data
A1: ID | B1: Name | C1: Age | D1: Net worth | E1: Country | F1: Salary | G1: Join Date
A2: 1 | B2: Alice | C2: 25 | D2: 30000 | E2: NZ | F2: 55000 | G2: 43845
A3: 2 | B3: Bob | C3: 30 | D3: 35000 | E3: NZ | F3: 60000 | G3: 43881
A4: 4 | B4: Charlie | C4: 35 | D4: 40000 | E4: AUS | F4: 72000
A5: 5 | B5: David | C5: 38 | E5: NZ | F5: 68000 | G5: 43770
A6: 7 | B6: Unknown | C6: 40 | D6: 55000 | E6: NZ | F6: 65000 | G6: 43250
A7: 8 | B7: Grace | C7: 22 | D7: 28000 | E7: Unknown | F7: 64000 | G7: 44402
A8: 9 | B8: Heidi | E8: AUS | G8: 44402
A9: 10 | B9: Ivan | C9: 27 | D9: 60000 | E9: NZ | F9: 58000 | G9: 43539
B10: Eve | C10: 29 | D10: 22000 | E10: AUS | F10: 59000 | G10: 43478

Sheet Descriptive Stats
A1: Descriptive Statistics (live formulas referencing 'Cleaned Data')
A3: Metric | B3: Age | C3: Net worth | D3: Salary
A4: Count (non-missing) | B4: =COUNT('Cleaned Data'!C2:C10) | C4: =COUNT('Cleaned Data'!D2:D10) | D4: =COUNT('Cleaned Data'!F2:F10)
A5: Missing | B5: =(10-1)-COUNT('Cleaned Data'!C2:C10) | C5: =(10-1)-COUNT('Cleaned Data'!D2:D10) | D5: =(10-1)-COUNT('Cleaned Data'!F2:F10)
A6: Mean | B6: =AVERAGE('Cleaned Data'!C2:C10) | C6: =AVERAGE('Cleaned Data'!D2:D10) | D6: =AVERAGE('Cleaned Data'!F2:F10)
A7: Median | B7: =MEDIAN('Cleaned Data'!C2:C10) | C7: =MEDIAN('Cleaned Data'!D2:D10) | D7: =MEDIAN('Cleaned Data'!F2:F10)
A8: Std. Deviation | B8: =STDEV('Cleaned Data'!C2:C10) | C8: =STDEV('Cleaned Data'!D2:D10) | D8: =STDEV('Cleaned Data'!F2:F10)
A9: Min | B9: =MIN('Cleaned Data'!C2:C10) | C9: =MIN('Cleaned Data'!D2:D10) | D9: =MIN('Cleaned Data'!F2:F10)
A10: Max | B10: =MAX('Cleaned Data'!C2:C10) | C10: =MAX('Cleaned Data'!D2:D10) | D10: =MAX('Cleaned Data'!F2:F10)
A11: Range | B11: =MAX('Cleaned Data'!C2:C10)-MIN('Cleaned Data'!C2:C10) | C11: =MAX('Cleaned Data'!D2:D10)-MIN('Cleaned Data'!D2:D10) | D11: =MAX('Cleaned Data'!F2:F10)-MIN('Cleaned Data'!F2:F10)
A12: Q1 | B12: =QUARTILE('Cleaned Data'!C2:C10,1) | C12: =QUARTILE('Cleaned Data'!D2:D10,1) | D12: =QUARTILE('Cleaned Data'!F2:F10,1)
A13: Q3 | B13: =QUARTILE('Cleaned Data'!C2:C10,3) | C13: =QUARTILE('Cleaned Data'!D2:D10,3) | D13: =QUARTILE('Cleaned Data'!F2:F10,3)
A14: IQR (Q3-Q1) | B14: =B13-B12 | C14: =C13-C12 | D14: =D13-D12
A15: Lower Outlier Bound | B15: =B12-1.5*B14 | C15: =C12-1.5*C14 | D15: =D12-1.5*D14
A16: Upper Outlier Bound | B16: =B13+1.5*B14 | C16: =C13+1.5*C14 | D16: =D13+1.5*D14
A17: Outlier Count | B17: =COUNTIFS('Cleaned Data'!C2:C10,"<"&B15)+COUNTIFS('Cleaned Data'!C2:C10,">"&B16) | C17: =COUNTIFS('Cleaned Data'!D2:D10,"<"&C15)+COUNTIFS('Cleaned Data'!D2:D10,">"&C16) | D17: =COUNTIFS('Cleaned Data'!F2:F10,"<"&D15)+COUNTIFS('Cleaned Data'!F2:F10,">"&D16)

Sheet By Country
A1: Averages by Country (live formulas referencing 'Cleaned Data')
A3: Country | B3: N (people) | C3: Avg Age | D3: Avg Net worth | E3: Avg Salary
A4: AUS | B4: =COUNTIF('Cleaned Data'!E2:E10,A4) | C4: =IFERROR(AVERAGEIF('Cleaned Data'!E2:E10,A4,'Cleaned Data'!C2:C10),"n/a") | D4: =IFERROR(AVERAGEIF('Cleaned Data'!E2:E10,A4,'Cleaned Data'!D2:D10),"n/a") | E4: =IFERROR(AVERAGEIF('Cleaned Data'!E2:E10,A4,'Cleaned Data'!F2:F10),"n/a")
A5: NZ | B5: =COUNTIF('Cleaned Data'!E2:E10,A5) | C5: =IFERROR(AVERAGEIF('Cleaned Data'!E2:E10,A5,'Cleaned Data'!C2:C10),"n/a") | D5: =IFERROR(AVERAGEIF('Cleaned Data'!E2:E10,A5,'Cleaned Data'!D2:D10),"n/a") | E5: =IFERROR(AVERAGEIF('Cleaned Data'!E2:E10,A5,'Cleaned Data'!F2:F10),"n/a")
A6: Unknown | B6: =COUNTIF('Cleaned Data'!E2:E10,A6) | C6: =IFERROR(AVERAGEIF('Cleaned Data'!E2:E10,A6,'Cleaned Data'!C2:C10),"n/a") | D6: =IFERROR(AVERAGEIF('Cleaned Data'!E2:E10,A6,'Cleaned Data'!D2:D10),"n/a") | E6: =IFERROR(AVERAGEIF('Cleaned Data'!E2:E10,A6,'Cleaned Data'!F2:F10),"n/a")

Sheet Correlation
A1: Pearson Correlation Matrix (live CORREL formulas)
B3: Age | C3: Net worth | D3: Salary
A4: Age | B4: =CORREL('Cleaned Data'!C2:C10,'Cleaned Data'!C2:C10) | C4: =CORREL('Cleaned Data'!C2:C10,'Cleaned Data'!D2:D10) | D4: =CORREL('Cleaned Data'!C2:C10,'Cleaned Data'!F2:F10)
A5: Net worth | B5: =CORREL('Cleaned Data'!D2:D10,'Cleaned Data'!C2:C10) | C5: =CORREL('Cleaned Data'!D2:D10,'Cleaned Data'!D2:D10) | D5: =CORREL('Cleaned Data'!D2:D10,'Cleaned Data'!F2:F10)
A6: Salary | B6: =CORREL('Cleaned Data'!F2:F10,'Cleaned Data'!C2:C10) | C6: =CORREL('Cleaned Data'!F2:F10,'Cleaned Data'!D2:D10) | D6: =CORREL('Cleaned Data'!F2:F10,'Cleaned Data'!F2:F10)

Sheet Data Quality
A1: Data Quality Summary (measured during Python cleaning step)
A3: Rows before cleaning | B3: 10
A4: Rows after cleaning | B4: 9
A5: Duplicate ID(s) merged | B5: 2
A7: Column | B7: Missing BEFORE cleaning | C7: Missing AFTER cleaning
A8: ID | B8: 1 | C8: 1
A9: Name | B9: 1 | C9: 0
A10: Age | B10: 2 | C10: 1
A11: Net worth | B11: 3 | C11: 2
A12: Country | B12: 1 | C12: 0
A13: Salary | B13: 2 | C13: 1
A14: Join Date | B14: 1 | C14: 1
